PERMNO,date,TICKER,COMNAM,PRC,CFACPR
11308,19791231,KO,COCA COLA CO,34.50000,48.918179
11308,19800131,KO,COCA COLA CO,35.12500,48.918179
11308,19800229,KO,COCA COLA CO,32.87500,48.918179
11308,19800331,KO,COCA COLA CO,31.50000,48.918179
11308,19800430,KO,COCA COLA CO,33.25000,48.918179
11308,19800530,KO,COCA COLA CO,33.75000,48.918179
11308,19800630,KO,COCA COLA CO,33.00000,48.918179
11308,19800731,KO,COCA COLA CO,37.00000,48.918179
11308,19800829,KO,COCA COLA CO,35.50000,48.918179
11308,19800930,KO,COCA COLA CO,32.25000,48.918179
11308,19801031,KO,COCA COLA CO,30.62500,48.918179
11308,19801128,KO,COCA COLA CO,30.37500,48.918179
11308,19801231,KO,COCA COLA CO,33.37500,48.918179
11308,19810130,KO,COCA COLA CO,33.62500,48.918179
11308,19810227,KO,COCA COLA CO,35.87500,48.918179
11308,19810331,KO,COCA COLA CO,36.87500,48.918179
11308,19810430,KO,COCA COLA CO,34.62500,48.918179
11308,19810529,KO,COCA COLA CO,37.37500,48.918179
11308,19810630,KO,COCA COLA CO,34.75000,48.918179
11308,19810731,KO,COCA COLA CO,34.00000,48.918179
11308,19810831,KO,COCA COLA CO,32.75000,48.918179
11308,19810930,KO,COCA COLA CO,33.75000,48.918179
11308,19811030,KO,COCA COLA CO,36.87500,48.918179
11308,19811130,KO,COCA COLA CO,35.62500,48.918179
11308,19811231,KO,COCA COLA CO,34.75000,48.918179
11308,19820129,KO,COCA COLA CO,32.62500,48.918179
11308,19820226,KO,COCA COLA CO,30.25000,48.918179
11308,19820331,KO,COCA COLA CO,32.75000,48.918179
11308,19820430,KO,COCA COLA CO,34.12500,48.918179
11308,19820528,KO,COCA COLA CO,32.00000,48.918179
11308,19820630,KO,COCA COLA CO,33.75000,48.918179
11308,19820730,KO,COCA COLA CO,36.62500,48.918179
11308,19820831,KO,COCA COLA CO,39.37500,48.918179
11308,19820930,KO,COCA COLA CO,40.75000,48.918179
11308,19821029,KO,COCA COLA CO,43.75000,48.918179
11308,19821130,KO,COCA COLA CO,49.50000,48.918179
11308,19821231,KO,COCA COLA CO,52.00000,48.918179
11308,19830131,KO,COCA COLA CO,50.25000,48.918179
11308,19830228,KO,COCA COLA CO,49.75000,48.918179
11308,19830331,KO,COCA COLA CO,53.50000,48.918179
11308,19830429,KO,COCA COLA CO,55.62500,48.918179
11308,19830531,KO,COCA COLA CO,51.87500,48.918179
11308,19830630,KO,COCA COLA CO,49.87500,48.918179
11308,19830729,KO,COCA COLA CO,46.25000,48.918179
11308,19830831,KO,COCA COLA CO,51.50000,48.918179
11308,19830930,KO,COCA COLA CO,50.87500,48.918179
11308,19831031,KO,COCA COLA CO,52.12500,48.918179
11308,19831130,KO,COCA COLA CO,55.25000,48.918179
11308,19831230,KO,COCA COLA CO,53.50000,48.918179
11308,19840131,KO,COCA COLA CO,50.75000,48.918179
11308,19840229,KO,COCA COLA CO,51.87500,48.918179
11308,19840330,KO,COCA COLA CO,54.87500,48.918179
11308,19840430,KO,COCA COLA CO,54.87500,48.918179
11308,19840531,KO,COCA COLA CO,55.00000,48.918179
11308,19840629,KO,COCA COLA CO,57.62500,48.918179
11308,19840731,KO,COCA COLA CO,59.50000,48.918179
11308,19840831,KO,COCA COLA CO,61.87500,48.918179
11308,19840928,KO,COCA COLA CO,62.62500,48.918179
11308,19841031,KO,COCA COLA CO,65.00000,48.918179
11308,19841130,KO,COCA COLA CO,61.87500,48.918179
11308,19841231,KO,COCA COLA CO,62.37500,48.918179
11308,19850131,KO,COCA COLA CO,60.00000,48.918179
11308,19850228,KO,COCA COLA CO,63.50000,48.918179
11308,19850329,KO,COCA COLA CO,70.00000,48.918179
11308,19850430,KO,COCA COLA CO,68.50000,48.918179
11308,19850531,KO,COCA COLA CO,67.87500,48.918179
11308,19850628,KO,COCA COLA CO,69.37500,48.918179
11308,19850731,KO,COCA COLA CO,72.25000,48.918179
11308,19850830,KO,COCA COLA CO,71.62500,48.918179
11308,19850930,KO,COCA COLA CO,69.75000,48.918179
11308,19851031,KO,COCA COLA CO,71.62500,48.918179
11308,19851129,KO,COCA COLA CO,83.25000,48.918179
11308,19851231,KO,COCA COLA CO,84.50000,48.918179
11308,19860131,KO,COCA COLA CO,83.87500,48.918179
11308,19860228,KO,COCA COLA CO,96.25000,48.918179
11308,19860331,KO,COCA COLA CO,105.25000,48.918179
11308,19860430,KO,COCA COLA CO,111.50000,48.918179
11308,19860530,KO,COCA COLA CO,116.00000,48.918179
11308,19860630,KO,COCA COLA CO,125.50000,48.918179
11308,19860731,KO,COCA COLA CO,39.12500,16.306059
11308,19860829,KO,COCA COLA CO,37.87500,16.306059
11308,19860930,KO,COCA COLA CO,33.87500,16.306059
11308,19861031,KO,COCA COLA CO,36.62500,16.306059
11308,19861128,KO,COCA COLA CO,36.50000,16.306059
11308,19861231,KO,COCA COLA CO,37.75000,16.306059
11308,19870130,KO,COCA COLA CO,42.62500,16.306059
11308,19870227,KO,COCA COLA CO,44.87500,16.306059
11308,19870331,KO,COCA COLA CO,45.75000,16.306059
11308,19870430,KO,COCA COLA CO,42.62500,16.306059
11308,19870529,KO,COCA COLA CO,42.87500,16.306059
11308,19870630,KO,COCA COLA CO,44.50000,16.306059
11308,19870731,KO,COCA COLA CO,47.62500,16.306059
11308,19870831,KO,COCA COLA CO,50.62500,16.306059
11308,19870930,KO,COCA COLA CO,48.37500,16.306059
11308,19871030,KO,COCA COLA CO,41.25000,16.306059
11308,19871130,KO,COCA COLA CO,37.00000,16.306059
11308,19871231,KO,COCA COLA CO,38.12500,16.306059
11308,19880129,KO,COCA COLA CO,37.62500,16
11308,19880229,KO,COCA COLA CO,37.37500,16
11308,19880331,KO,COCA COLA CO,38.25000,16
11308,19880429,KO,COCA COLA CO,38.25000,16
11308,19880531,KO,COCA COLA CO,38.00000,16
11308,19880630,KO,COCA COLA CO,39.00000,16
11308,19880729,KO,COCA COLA CO,38.37500,16
11308,19880831,KO,COCA COLA CO,40.00000,16
11308,19880930,KO,COCA COLA CO,43.75000,16
11308,19881031,KO,COCA COLA CO,43.12500,16
11308,19881130,KO,COCA COLA CO,43.37500,16
11308,19881230,KO,COCA COLA CO,44.62500,16
11308,19890131,KO,COCA COLA CO,46.75000,16
11308,19890228,KO,COCA COLA CO,47.75000,16
11308,19890331,KO,COCA COLA CO,51.25000,16
11308,19890428,KO,COCA COLA CO,54.25000,16
11308,19890531,KO,COCA COLA CO,57.75000,16
11308,19890630,KO,COCA COLA CO,56.37500,16
11308,19890731,KO,COCA COLA CO,68.00000,16
11308,19890831,KO,COCA COLA CO,66.50000,16
11308,19890929,KO,COCA COLA CO,67.00000,16
11308,19891031,KO,COCA COLA CO,72.37500,16
11308,19891130,KO,COCA COLA CO,77.25000,16
11308,19891229,KO,COCA COLA CO,77.25000,16
11703,19791231,DD,DU PONT E I DE NEMOURS & CO,40.37500,6.322514
11703,19800131,DD,DU PONT E I DE NEMOURS & CO,40.75000,6.322514
11703,19800229,DD,DU PONT E I DE NEMOURS & CO,38.00000,6.322514
11703,19800331,DD,DU PONT E I DE NEMOURS & CO,34.62500,6.322514
11703,19800430,DD,DU PONT E I DE NEMOURS & CO,36.50000,6.322514
11703,19800530,DD,DU PONT E I DE NEMOURS & CO,39.37500,6.322514
11703,19800630,DD,DU PONT E I DE NEMOURS & CO,41.87500,6.322514
11703,19800731,DD,DU PONT E I DE NEMOURS & CO,43.00000,6.322514
11703,19800829,DD,DU PONT E I DE NEMOURS & CO,44.75000,6.322514
11703,19800930,DD,DU PONT E I DE NEMOURS & CO,45.12500,6.322514
11703,19801031,DD,DU PONT E I DE NEMOURS & CO,39.75000,6.322514
11703,19801128,DD,DU PONT E I DE NEMOURS & CO,41.50000,6.322514
11703,19801231,DD,DU PONT E I DE NEMOURS & CO,42.00000,6.322514
11703,19810130,DD,DU PONT E I DE NEMOURS & CO,45.37500,6.322514
11703,19810227,DD,DU PONT E I DE NEMOURS & CO,48.75000,6.322514
11703,19810331,DD,DU PONT E I DE NEMOURS & CO,49.50000,6.322514
11703,19810430,DD,DU PONT E I DE NEMOURS & CO,49.75000,6.322514
11703,19810529,DD,DU PONT E I DE NEMOURS & CO,49.12500,6.322514
11703,19810630,DD,DU PONT E I DE NEMOURS & CO,53.12500,6.322514
11703,19810731,DD,DU PONT E I DE NEMOURS & CO,45.50000,6.322514
11703,19810831,DD,DU PONT E I DE NEMOURS & CO,40.62500,6.322514
11703,19810930,DD,DU PONT E I DE NEMOURS & CO,38.12500,6.322514
11703,19811030,DD,DU PONT E I DE NEMOURS & CO,40.50000,6.322514
11703,19811130,DD,DU PONT E I DE NEMOURS & CO,40.12500,6.322514
11703,19811231,DD,DU PONT E I DE NEMOURS & CO,37.25000,6.322514
11703,19820129,DD,DU PONT E I DE NEMOURS & CO,36.25000,6.322514
11703,19820226,DD,DU PONT E I DE NEMOURS & CO,35.75000,6.322514
11703,19820331,DD,DU PONT E I DE NEMOURS & CO,33.37500,6.322514
11703,19820430,DD,DU PONT E I DE NEMOURS & CO,35.37500,6.322514
11703,19820528,DD,DU PONT E I DE NEMOURS & CO,33.75000,6.322514
11703,19820630,DD,DU PONT E I DE NEMOURS & CO,33.00000,6.322514
11703,19820730,DD,DU PONT E I DE NEMOURS & CO,30.25000,6.322514
11703,19820831,DD,DU PONT E I DE NEMOURS & CO,34.87500,6.322514
11703,19820930,DD,DU PONT E I DE NEMOURS & CO,34.50000,6.322514
11703,19821029,DD,DU PONT E I DE NEMOURS & CO,38.50000,6.322514
11703,19821130,DD,DU PONT E I DE NEMOURS & CO,37.62500,6.322514
11703,19821231,DD,DU PONT E I DE NEMOURS & CO,35.87500,6.322514
11703,19830131,DD,DU PONT E I DE NEMOURS & CO,40.00000,6.322514
11703,19830228,DD,DU PONT E I DE NEMOURS & CO,40.00000,6.322514
11703,19830331,DD,DU PONT E I DE NEMOURS & CO,41.62500,6.322514
11703,19830429,DD,DU PONT E I DE NEMOURS & CO,46.87500,6.322514
11703,19830531,DD,DU PONT E I DE NEMOURS & CO,48.50000,6.322514
11703,19830630,DD,DU PONT E I DE NEMOURS & CO,47.75000,6.322514
11703,19830729,DD,DU PONT E I DE NEMOURS & CO,48.00000,6.322514
11703,19830831,DD,DU PONT E I DE NEMOURS & CO,52.50000,6.322514
11703,19830930,DD,DU PONT E I DE NEMOURS & CO,51.87500,6.322514
11703,19831031,DD,DU PONT E I DE NEMOURS & CO,51.50000,6.322514
11703,19831130,DD,DU PONT E I DE NEMOURS & CO,54.00000,6.322514
11703,19831230,DD,DU PONT E I DE NEMOURS & CO,52.00000,6.322514
11703,19840131,DD,DU PONT E I DE NEMOURS & CO,49.75000,6.322514
11703,19840229,DD,DU PONT E I DE NEMOURS & CO,47.37500,6.322514
11703,19840330,DD,DU PONT E I DE NEMOURS & CO,49.25000,6.322514
11703,19840430,DD,DU PONT E I DE NEMOURS & CO,50.50000,6.322514
11703,19840531,DD,DU PONT E I DE NEMOURS & CO,47.00000,6.322514
11703,19840629,DD,DU PONT E I DE NEMOURS & CO,45.62500,6.322514
11703,19840731,DD,DU PONT E I DE NEMOURS & CO,44.25000,6.322514
11703,19840831,DD,DU PONT E I DE NEMOURS & CO,50.00000,6.322514
11703,19840928,DD,DU PONT E I DE NEMOURS & CO,49.62500,6.322514
11703,19841031,DD,DU PONT E I DE NEMOURS & CO,46.87500,6.322514
11703,19841130,DD,DU PONT E I DE NEMOURS & CO,46.50000,6.322514
11703,19841231,DD,DU PONT E I DE NEMOURS & CO,49.50000,6.322514
11703,19850131,DD,DU PONT E I DE NEMOURS & CO,51.62500,6.322514
11703,19850228,DD,DU PONT E I DE NEMOURS & CO,52.50000,6.322514
11703,19850329,DD,DU PONT E I DE NEMOURS & CO,51.87500,6.322514
11703,19850430,DD,DU PONT E I DE NEMOURS & CO,55.50000,6.322514
11703,19850531,DD,DU PONT E I DE NEMOURS & CO,60.37500,6.322514
11703,19850628,DD,DU PONT E I DE NEMOURS & CO,58.12500,6.322514
11703,19850731,DD,DU PONT E I DE NEMOURS & CO,59.87500,6.322514
11703,19850830,DD,DU PONT E I DE NEMOURS & CO,57.75000,6.322514
11703,19850930,DD,DU PONT E I DE NEMOURS & CO,57.37500,6.322514
11703,19851031,DD,DU PONT E I DE NEMOURS & CO,62.25000,6.322514
11703,19851129,DD,DU PONT E I DE NEMOURS & CO,63.37500,6.322514
11703,19851231,DD,DU PONT E I DE NEMOURS & CO,67.87500,6.322514
11703,19860131,DD,DU PONT E I DE NEMOURS & CO,65.37500,6.322514
11703,19860228,DD,DU PONT E I DE NEMOURS & CO,72.00000,6.322514
11703,19860331,DD,DU PONT E I DE NEMOURS & CO,76.50000,6.322514
11703,19860430,DD,DU PONT E I DE NEMOURS & CO,76.00000,6.322514
11703,19860530,DD,DU PONT E I DE NEMOURS & CO,84.75000,6.322514
11703,19860630,DD,DU PONT E I DE NEMOURS & CO,83.25000,6.322514
11703,19860731,DD,DU PONT E I DE NEMOURS & CO,76.00000,6.322514
11703,19860829,DD,DU PONT E I DE NEMOURS & CO,82.37500,6.322514
11703,19860930,DD,DU PONT E I DE NEMOURS & CO,80.12500,6.322514
11703,19861031,DD,DU PONT E I DE NEMOURS & CO,86.00000,6.322514
11703,19861128,DD,DU PONT E I DE NEMOURS & CO,89.37500,6.322514
11703,19861231,DD,DU PONT E I DE NEMOURS & CO,84.00000,6.322514
11703,19870130,DD,DU PONT E I DE NEMOURS & CO,97.87500,6.322514
11703,19870227,DD,DU PONT E I DE NEMOURS & CO,100.00000,6.322514
11703,19870331,DD,DU PONT E I DE NEMOURS & CO,111.87500,6.322514
11703,19870430,DD,DU PONT E I DE NEMOURS & CO,111.75000,6.322514
11703,19870529,DD,DU PONT E I DE NEMOURS & CO,112.75000,6.322514
11703,19870630,DD,DU PONT E I DE NEMOURS & CO,120.00000,6.322514
11703,19870731,DD,DU PONT E I DE NEMOURS & CO,124.87500,6.322514
11703,19870831,DD,DU PONT E I DE NEMOURS & CO,124.12500,6.322514
11703,19870930,DD,DU PONT E I DE NEMOURS & CO,119.12500,6.322514
11703,19871030,DD,DU PONT E I DE NEMOURS & CO,90.25000,6.322514
11703,19871130,DD,DU PONT E I DE NEMOURS & CO,78.12500,6.322514
11703,19871231,DD,DU PONT E I DE NEMOURS & CO,87.37500,6.322514
11703,19880129,DD,DU PONT E I DE NEMOURS & CO,82.75000,6.322514
11703,19880229,DD,DU PONT E I DE NEMOURS & CO,86.50000,6.322514
11703,19880331,DD,DU PONT E I DE NEMOURS & CO,80.87500,6.322514
11703,19880429,DD,DU PONT E I DE NEMOURS & CO,85.75000,6.322514
11703,19880531,DD,DU PONT E I DE NEMOURS & CO,83.12500,6.322514
11703,19880630,DD,DU PONT E I DE NEMOURS & CO,92.87500,6.322514
11703,19880729,DD,DU PONT E I DE NEMOURS & CO,86.87500,6.322514
11703,19880831,DD,DU PONT E I DE NEMOURS & CO,79.75000,6.322514
11703,19880930,DD,DU PONT E I DE NEMOURS & CO,81.75000,6.322514
11703,19881031,DD,DU PONT E I DE NEMOURS & CO,81.00000,6.322514
11703,19881130,DD,DU PONT E I DE NEMOURS & CO,81.62500,6.322514
11703,19881230,DD,DU PONT E I DE NEMOURS & CO,88.25000,6.322514
11703,19890131,DD,DU PONT E I DE NEMOURS & CO,101.75000,6.322514
11703,19890228,DD,DU PONT E I DE NEMOURS & CO,94.87500,6.322514
11703,19890331,DD,DU PONT E I DE NEMOURS & CO,102.25000,6.322514
11703,19890428,DD,DU PONT E I DE NEMOURS & CO,110.00000,6.322514
11703,19890531,DD,DU PONT E I DE NEMOURS & CO,110.25000,6.322514
11703,19890630,DD,DU PONT E I DE NEMOURS & CO,108.75000,6.322514
11703,19890731,DD,DU PONT E I DE NEMOURS & CO,113.75000,6.322514
11703,19890831,DD,DU PONT E I DE NEMOURS & CO,117.87500,6.322514
11703,19890929,DD,DU PONT E I DE NEMOURS & CO,119.75000,6.322514
11703,19891031,DD,DU PONT E I DE NEMOURS & CO,115.00000,6.322514
11703,19891130,DD,DU PONT E I DE NEMOURS & CO,116.62500,6.322514
11703,19891229,DD,DU PONT E I DE NEMOURS & CO,123.00000,6.322514
14322,19791231,S,SEARS ROEBUCK & CO,18.00000,2.594058
14322,19800131,S,SEARS ROEBUCK & CO,17.12500,2.594058
14322,19800229,S,SEARS ROEBUCK & CO,16.37500,2.594058
14322,19800331,S,SEARS ROEBUCK & CO,16.25000,2.594058
14322,19800430,S,SEARS ROEBUCK & CO,16.12500,2.594058
14322,19800530,S,SEARS ROEBUCK & CO,16.62500,2.594058
14322,19800630,S,SEARS ROEBUCK & CO,17.00000,2.594058
14322,19800731,S,SEARS ROEBUCK & CO,18.62500,2.594058
14322,19800829,S,SEARS ROEBUCK & CO,17.50000,2.594058
14322,19800930,S,SEARS ROEBUCK & CO,16.75000,2.594058
14322,19801031,S,SEARS ROEBUCK & CO,15.87500,2.594058
14322,19801128,S,SEARS ROEBUCK & CO,15.25000,2.594058
14322,19801231,S,SEARS ROEBUCK & CO,15.25000,2.594058
14322,19810130,S,SEARS ROEBUCK & CO,15.25000,2.594058
14322,19810227,S,SEARS ROEBUCK & CO,15.25000,2.594058
14322,19810331,S,SEARS ROEBUCK & CO,18.37500,2.594058
14322,19810430,S,SEARS ROEBUCK & CO,19.25000,2.594058
14322,19810529,S,SEARS ROEBUCK & CO,18.87500,2.594058
14322,19810630,S,SEARS ROEBUCK & CO,19.25000,2.594058
14322,19810731,S,SEARS ROEBUCK & CO,18.25000,2.594058
14322,19810831,S,SEARS ROEBUCK & CO,16.37500,2.594058
14322,19810930,S,SEARS ROEBUCK & CO,16.12500,2.594058
14322,19811030,S,SEARS ROEBUCK & CO,16.75000,2.594058
14322,19811130,S,SEARS ROEBUCK & CO,17.00000,2.594058
14322,19811231,S,SEARS ROEBUCK & CO,16.12500,2.594058
14322,19820129,S,SEARS ROEBUCK & CO,17.25000,2.594058
14322,19820226,S,SEARS ROEBUCK & CO,16.75000,2.594058
14322,19820331,S,SEARS ROEBUCK & CO,19.00000,2.594058
14322,19820430,S,SEARS ROEBUCK & CO,19.50000,2.594058
14322,19820528,S,SEARS ROEBUCK & CO,18.87500,2.594058
14322,19820630,S,SEARS ROEBUCK & CO,19.37500,2.594058
14322,19820730,S,SEARS ROEBUCK & CO,19.12500,2.594058
14322,19820831,S,SEARS ROEBUCK & CO,22.75000,2.594058
14322,19820930,S,SEARS ROEBUCK & CO,22.37500,2.594058
14322,19821029,S,SEARS ROEBUCK & CO,28.62500,2.594058
14322,19821130,S,SEARS ROEBUCK & CO,31.50000,2.594058
14322,19821231,S,SEARS ROEBUCK & CO,30.12500,2.594058
14322,19830131,S,SEARS ROEBUCK & CO,28.62500,2.594058
14322,19830228,S,SEARS ROEBUCK & CO,31.00000,2.594058
14322,19830331,S,SEARS ROEBUCK & CO,35.12500,2.594058
14322,19830429,S,SEARS ROEBUCK & CO,41.75000,2.594058
14322,19830531,S,SEARS ROEBUCK & CO,38.50000,2.594058
14322,19830630,S,SEARS ROEBUCK & CO,41.37500,2.594058
14322,19830729,S,SEARS ROEBUCK & CO,42.50000,2.594058
14322,19830831,S,SEARS ROEBUCK & CO,37.50000,2.594058
14322,19830930,S,SEARS ROEBUCK & CO,36.50000,2.594058
14322,19831031,S,SEARS ROEBUCK & CO,39.37500,2.594058
14322,19831130,S,SEARS ROEBUCK & CO,41.12500,2.594058
14322,19831230,S,SEARS ROEBUCK & CO,37.12500,2.594058
14322,19840131,S,SEARS ROEBUCK & CO,36.87500,2.594058
14322,19840229,S,SEARS ROEBUCK & CO,34.25000,2.594058
14322,19840330,S,SEARS ROEBUCK & CO,33.87500,2.594058
14322,19840430,S,SEARS ROEBUCK & CO,34.00000,2.594058
14322,19840531,S,SEARS ROEBUCK & CO,30.12500,2.594058
14322,19840629,S,SEARS ROEBUCK & CO,31.50000,2.594058
14322,19840731,S,SEARS ROEBUCK & CO,32.87500,2.594058
14322,19840831,S,SEARS ROEBUCK & CO,35.75000,2.594058
14322,19840928,S,SEARS ROEBUCK & CO,34.62500,2.594058
14322,19841031,S,SEARS ROEBUCK & CO,32.37500,2.594058
14322,19841130,S,SEARS ROEBUCK & CO,31.12500,2.594058
14322,19841231,S,SEARS ROEBUCK & CO,31.75000,2.594058
14322,19850131,S,SEARS ROEBUCK & CO,36.00000,2.594058
14322,19850228,S,SEARS ROEBUCK & CO,35.62500,2.594058
14322,19850329,S,SEARS ROEBUCK & CO,34.12500,2.594058
14322,19850430,S,SEARS ROEBUCK & CO,33.87500,2.594058
14322,19850531,S,SEARS ROEBUCK & CO,38.62500,2.594058
14322,19850628,S,SEARS ROEBUCK & CO,38.37500,2.594058
14322,19850731,S,SEARS ROEBUCK & CO,35.75000,2.594058
14322,19850830,S,SEARS ROEBUCK & CO,34.37500,2.594058
14322,19850930,S,SEARS ROEBUCK & CO,32.87500,2.594058
14322,19851031,S,SEARS ROEBUCK & CO,34.50000,2.594058
14322,19851129,S,SEARS ROEBUCK & CO,36.87500,2.594058
14322,19851231,S,SEARS ROEBUCK & CO,39.00000,2.594058
14322,19860131,S,SEARS ROEBUCK & CO,39.50000,2.594058
14322,19860228,S,SEARS ROEBUCK & CO,44.50000,2.594058
14322,19860331,S,SEARS ROEBUCK & CO,49.50000,2.594058
14322,19860430,S,SEARS ROEBUCK & CO,43.50000,2.594058
14322,19860530,S,SEARS ROEBUCK & CO,47.62500,2.594058
14322,19860630,S,SEARS ROEBUCK & CO,48.50000,2.594058
14322,19860731,S,SEARS ROEBUCK & CO,43.00000,2.594058
14322,19860829,S,SEARS ROEBUCK & CO,45.75000,2.594058
14322,19860930,S,SEARS ROEBUCK & CO,40.00000,2.594058
14322,19861031,S,SEARS ROEBUCK & CO,43.37500,2.594058
14322,19861128,S,SEARS ROEBUCK & CO,44.00000,2.594058
14322,19861231,S,SEARS ROEBUCK & CO,39.75000,2.594058
14322,19870130,S,SEARS ROEBUCK & CO,45.50000,2.594058
14322,19870227,S,SEARS ROEBUCK & CO,51.25000,2.594058
14322,19870331,S,SEARS ROEBUCK & CO,50.87500,2.594058
14322,19870430,S,SEARS ROEBUCK & CO,52.87500,2.594058
14322,19870529,S,SEARS ROEBUCK & CO,51.00000,2.594058
14322,19870630,S,SEARS ROEBUCK & CO,50.62500,2.594058
14322,19870731,S,SEARS ROEBUCK & CO,53.25000,2.594058
14322,19870831,S,SEARS ROEBUCK & CO,56.50000,2.594058
14322,19870930,S,SEARS ROEBUCK & CO,51.87500,2.594058
14322,19871030,S,SEARS ROEBUCK & CO,36.12500,2.594058
14322,19871130,S,SEARS ROEBUCK & CO,32.25000,2.594058
14322,19871231,S,SEARS ROEBUCK & CO,33.50000,2.594058
14322,19880129,S,SEARS ROEBUCK & CO,34.12500,2.594058
14322,19880229,S,SEARS ROEBUCK & CO,37.75000,2.594058
14322,19880331,S,SEARS ROEBUCK & CO,35.75000,2.594058
14322,19880429,S,SEARS ROEBUCK & CO,35.87500,2.594058
14322,19880531,S,SEARS ROEBUCK & CO,34.75000,2.594058
14322,19880630,S,SEARS ROEBUCK & CO,36.87500,2.594058
14322,19880729,S,SEARS ROEBUCK & CO,36.75000,2.594058
14322,19880831,S,SEARS ROEBUCK & CO,35.50000,2.594058
14322,19880930,S,SEARS ROEBUCK & CO,38.12500,2.594058
14322,19881031,S,SEARS ROEBUCK & CO,41.75000,2.594058
14322,19881130,S,SEARS ROEBUCK & CO,39.87500,2.594058
14322,19881230,S,SEARS ROEBUCK & CO,40.87500,2.594058
14322,19890131,S,SEARS ROEBUCK & CO,42.50000,2.594058
14322,19890228,S,SEARS ROEBUCK & CO,41.25000,2.594058
14322,19890331,S,SEARS ROEBUCK & CO,43.62500,2.594058
14322,19890428,S,SEARS ROEBUCK & CO,45.87500,2.594058
14322,19890531,S,SEARS ROEBUCK & CO,47.12500,2.594058
14322,19890630,S,SEARS ROEBUCK & CO,43.75000,2.594058
14322,19890731,S,SEARS ROEBUCK & CO,46.62500,2.594058
14322,19890831,S,SEARS ROEBUCK & CO,45.37500,2.594058
14322,19890929,S,SEARS ROEBUCK & CO,42.25000,2.594058
14322,19891031,S,SEARS ROEBUCK & CO,38.50000,2.594058
14322,19891130,S,SEARS ROEBUCK & CO,38.75000,2.594058
14322,19891229,S,SEARS ROEBUCK & CO,38.12500,2.594058
14541,19791231,SD,STANDARD OIL CO CALIFORNIA,56.37500,8
14541,19800131,SD,STANDARD OIL CO CALIFORNIA,62.25000,8
14541,19800229,SD,STANDARD OIL CO CALIFORNIA,79.50000,8
14541,19800331,SD,STANDARD OIL CO CALIFORNIA,65.50000,8
14541,19800430,SD,STANDARD OIL CO CALIFORNIA,70.75000,8
14541,19800530,SD,STANDARD OIL CO CALIFORNIA,73.12500,8
14541,19800630,SD,STANDARD OIL CO CALIFORNIA,76.50000,8
14541,19800731,SD,STANDARD OIL CO CALIFORNIA,74.50000,8
14541,19800829,SD,STANDARD OIL CO CALIFORNIA,73.37500,8
14541,19800930,SD,STANDARD OIL CO CALIFORNIA,75.75000,8
14541,19801031,SD,STANDARD OIL CO CALIFORNIA,84.37500,8
14541,19801128,SD,STANDARD OIL CO CALIFORNIA,115.00000,8
14541,19801231,SD,STANDARD OIL CO CALIFORNIA,99.50000,8
14541,19810130,SD,STANDARD OIL CO CALIFORNIA,91.25000,8
14541,19810227,SD,STANDARD OIL CO CALIFORNIA,91.62500,8
14541,19810331,SD,STANDARD OIL CO CALIFORNIA,41.00000,4
14541,19810430,SD,STANDARD OIL CO CALIFORNIA,41.37500,4
14541,19810529,SD,STANDARD OIL CO CALIFORNIA,37.75000,4
14541,19810630,SD,STANDARD OIL CO CALIFORNIA,37.50000,4
14541,19810731,SD,STANDARD OIL CO CALIFORNIA,42.50000,4
14541,19810831,SD,STANDARD OIL CO CALIFORNIA,41.87500,4
14541,19810930,SD,STANDARD OIL CO CALIFORNIA,38.25000,4
14541,19811030,SD,STANDARD OIL CO CALIFORNIA,42.75000,4
14541,19811130,SD,STANDARD OIL CO CALIFORNIA,45.00000,4
14541,19811231,SD,STANDARD OIL CO CALIFORNIA,42.87500,4
14541,19820129,SD,STANDARD OIL CO CALIFORNIA,36.50000,4
14541,19820226,SD,STANDARD OIL CO CALIFORNIA,31.75000,4
14541,19820331,SD,STANDARD OIL CO CALIFORNIA,30.62500,4
14541,19820430,SD,STANDARD OIL CO CALIFORNIA,29.87500,4
14541,19820528,SD,STANDARD OIL CO CALIFORNIA,33.12500,4
14541,19820630,SD,STANDARD OIL CO CALIFORNIA,28.75000,4
14541,19820730,SD,STANDARD OIL CO CALIFORNIA,25.25000,4
14541,19820831,SD,STANDARD OIL CO CALIFORNIA,27.75000,4
14541,19820930,SD,STANDARD OIL CO CALIFORNIA,28.62500,4
14541,19821029,SD,STANDARD OIL CO CALIFORNIA,30.25000,4
14541,19821130,SD,STANDARD OIL CO CALIFORNIA,30.37500,4
14541,19821231,SD,STANDARD OIL CO CALIFORNIA,32.00000,4
14541,19830131,SD,STANDARD OIL CO CALIFORNIA,33.12500,4
14541,19830228,SD,STANDARD OIL CO CALIFORNIA,36.00000,4
14541,19830331,SD,STANDARD OIL CO CALIFORNIA,38.37500,4
14541,19830429,SD,STANDARD OIL CO CALIFORNIA,40.75000,4
14541,19830531,SD,STANDARD OIL CO CALIFORNIA,36.87500,4
14541,19830630,SD,STANDARD OIL CO CALIFORNIA,39.25000,4
14541,19830729,SD,STANDARD OIL CO CALIFORNIA,36.00000,4
14541,19830831,SD,STANDARD OIL CO CALIFORNIA,36.87500,4
14541,19830930,SD,STANDARD OIL CO CALIFORNIA,35.62500,4
14541,19831031,SD,STANDARD OIL CO CALIFORNIA,35.25000,4
14541,19831130,SD,STANDARD OIL CO CALIFORNIA,34.62500,4
14541,19831230,SD,STANDARD OIL CO CALIFORNIA,34.62500,4
14541,19840131,SD,STANDARD OIL CO CALIFORNIA,36.62500,4
14541,19840229,SD,STANDARD OIL CO CALIFORNIA,37.00000,4
14541,19840330,SD,STANDARD OIL CO CALIFORNIA,37.37500,4
14541,19840430,CHV,CHEVRON CORP,39.62500,4
14541,19840531,CHV,CHEVRON CORP,37.25000,4
14541,19840629,CHV,CHEVRON CORP,35.00000,4
14541,19840731,CHV,CHEVRON CORP,31.50000,4
14541,19840831,CHV,CHEVRON CORP,36.25000,4
14541,19840928,CHV,CHEVRON CORP,36.37500,4
14541,19841031,CHV,CHEVRON CORP,32.75000,4
14541,19841130,CHV,CHEVRON CORP,33.12500,4
14541,19841231,CHV,CHEVRON CORP,31.25000,4
14541,19850131,CHV,CHEVRON CORP,34.25000,4
14541,19850228,CHV,CHEVRON CORP,34.62500,4
14541,19850329,CHV,CHEVRON CORP,34.87500,4
14541,19850430,CHV,CHEVRON CORP,37.12500,4
14541,19850531,CHV,CHEVRON CORP,35.75000,4
14541,19850628,CHV,CHEVRON CORP,37.37500,4
14541,19850731,CHV,CHEVRON CORP,36.75000,4
14541,19850830,CHV,CHEVRON CORP,37.62500,4
14541,19850930,CHV,CHEVRON CORP,37.00000,4
14541,19851031,CHV,CHEVRON CORP,39.12500,4
14541,19851129,CHV,CHEVRON CORP,38.25000,4
14541,19851231,CHV,CHEVRON CORP,38.12500,4
14541,19860131,CHV,CHEVRON CORP,36.50000,4
14541,19860228,CHV,CHEVRON CORP,36.75000,4
14541,19860331,CHV,CHEVRON CORP,36.50000,4
14541,19860430,CHV,CHEVRON CORP,38.50000,4
14541,19860530,CHV,CHEVRON CORP,40.00000,4
14541,19860630,CHV,CHEVRON CORP,38.37500,4
14541,19860731,CHV,CHEVRON CORP,36.12500,4
14541,19860829,CHV,CHEVRON CORP,44.25000,4
14541,19860930,CHV,CHEVRON CORP,44.00000,4
14541,19861031,CHV,CHEVRON CORP,44.62500,4
14541,19861128,CHV,CHEVRON CORP,47.37500,4
14541,19861231,CHV,CHEVRON CORP,45.37500,4
14541,19870130,CHV,CHEVRON CORP,53.00000,4
14541,19870227,CHV,CHEVRON CORP,49.50000,4
14541,19870331,CHV,CHEVRON CORP,56.12500,4
14541,19870430,CHV,CHEVRON CORP,58.00000,4
14541,19870529,CHV,CHEVRON CORP,58.37500,4
14541,19870630,CHV,CHEVRON CORP,62.00000,4
14541,19870731,CHV,CHEVRON CORP,60.50000,4
14541,19870831,CHV,CHEVRON CORP,58.50000,4
14541,19870930,CHV,CHEVRON CORP,53.87500,4
14541,19871030,CHV,CHEVRON CORP,44.37500,4
14541,19871130,CHV,CHEVRON CORP,36.50000,4
14541,19871231,CHV,CHEVRON CORP,39.62500,4
14541,19880129,CHV,CHEVRON CORP,44.87500,4
14541,19880229,CHV,CHEVRON CORP,44.25000,4
14541,19880331,CHV,CHEVRON CORP,46.50000,4
14541,19880429,CHV,CHEVRON CORP,48.12500,4
14541,19880531,CHV,CHEVRON CORP,49.25000,4
14541,19880630,CHV,CHEVRON CORP,45.37500,4
14541,19880729,CHV,CHEVRON CORP,48.50000,4
14541,19880831,CHV,CHEVRON CORP,44.50000,4
14541,19880930,CHV,CHEVRON CORP,43.62500,4
14541,19881031,CHV,CHEVRON CORP,46.87500,4
14541,19881130,CHV,CHEVRON CORP,45.75000,4
14541,19881230,CHV,CHEVRON CORP,45.75000,4
14541,19890131,CHV,CHEVRON CORP,49.62500,4
14541,19890228,CHV,CHEVRON CORP,48.50000,4
14541,19890331,CHV,CHEVRON CORP,52.75000,4
14541,19890428,CHV,CHEVRON CORP,54.25000,4
14541,19890531,CHV,CHEVRON CORP,55.25000,4
14541,19890630,CHV,CHEVRON CORP,54.00000,4
14541,19890731,CHV,CHEVRON CORP,54.50000,4
14541,19890831,CHV,CHEVRON CORP,56.25000,4
14541,19890929,CHV,CHEVRON CORP,61.00000,4
14541,19891031,CHV,CHEVRON CORP,68.25000,4
14541,19891130,CHV,CHEVRON CORP,68.62500,4
14541,19891229,CHV,CHEVRON CORP,67.75000,4
17830,19791231,UTX,UNITED TECHNOLOGIES CORP,43.00000,16
17830,19800131,UTX,UNITED TECHNOLOGIES CORP,49.87500,16
17830,19800229,UTX,UNITED TECHNOLOGIES CORP,46.62500,16
17830,19800331,UTX,UNITED TECHNOLOGIES CORP,41.25000,16
17830,19800430,UTX,UNITED TECHNOLOGIES CORP,42.12500,16
17830,19800530,UTX,UNITED TECHNOLOGIES CORP,42.75000,16
17830,19800630,UTX,UNITED TECHNOLOGIES CORP,41.87500,16
17830,19800731,UTX,UNITED TECHNOLOGIES CORP,48.50000,16
17830,19800829,UTX,UNITED TECHNOLOGIES CORP,49.37500,16
17830,19800930,UTX,UNITED TECHNOLOGIES CORP,51.00000,16
17830,19801031,UTX,UNITED TECHNOLOGIES CORP,49.87500,16
17830,19801128,UTX,UNITED TECHNOLOGIES CORP,61.37500,16
17830,19801231,UTX,UNITED TECHNOLOGIES CORP,61.00000,16
17830,19810130,UTX,UNITED TECHNOLOGIES CORP,55.25000,16
17830,19810227,UTX,UNITED TECHNOLOGIES CORP,55.87500,16
17830,19810331,UTX,UNITED TECHNOLOGIES CORP,56.25000,16
17830,19810430,UTX,UNITED TECHNOLOGIES CORP,59.25000,16
17830,19810529,UTX,UNITED TECHNOLOGIES CORP,57.87500,16
17830,19810630,UTX,UNITED TECHNOLOGIES CORP,55.37500,16
17830,19810731,UTX,UNITED TECHNOLOGIES CORP,50.62500,16
17830,19810831,UTX,UNITED TECHNOLOGIES CORP,45.25000,16
17830,19810930,UTX,UNITED TECHNOLOGIES CORP,44.37500,16
17830,19811030,UTX,UNITED TECHNOLOGIES CORP,45.37500,16
17830,19811130,UTX,UNITED TECHNOLOGIES CORP,43.12500,16
17830,19811231,UTX,UNITED TECHNOLOGIES CORP,41.75000,16
17830,19820129,UTX,UNITED TECHNOLOGIES CORP,40.00000,16
17830,19820226,UTX,UNITED TECHNOLOGIES CORP,35.87500,16
17830,19820331,UTX,UNITED TECHNOLOGIES CORP,36.50000,16
17830,19820430,UTX,UNITED TECHNOLOGIES CORP,37.25000,16
17830,19820528,UTX,UNITED TECHNOLOGIES CORP,37.75000,16
17830,19820630,UTX,UNITED TECHNOLOGIES CORP,39.25000,16
17830,19820730,UTX,UNITED TECHNOLOGIES CORP,41.62500,16
17830,19820831,UTX,UNITED TECHNOLOGIES CORP,47.75000,16
17830,19820930,UTX,UNITED TECHNOLOGIES CORP,46.25000,16
17830,19821029,UTX,UNITED TECHNOLOGIES CORP,53.50000,16
17830,19821130,UTX,UNITED TECHNOLOGIES CORP,55.25000,16
17830,19821231,UTX,UNITED TECHNOLOGIES CORP,56.62500,16
17830,19830131,UTX,UNITED TECHNOLOGIES CORP,61.37500,16
17830,19830228,UTX,UNITED TECHNOLOGIES CORP,66.87500,16
17830,19830331,UTX,UNITED TECHNOLOGIES CORP,67.25000,16
17830,19830429,UTX,UNITED TECHNOLOGIES CORP,72.75000,16
17830,19830531,UTX,UNITED TECHNOLOGIES CORP,68.12500,16
17830,19830630,UTX,UNITED TECHNOLOGIES CORP,73.37500,16
17830,19830729,UTX,UNITED TECHNOLOGIES CORP,67.00000,16
17830,19830831,UTX,UNITED TECHNOLOGIES CORP,68.00000,16
17830,19830930,UTX,UNITED TECHNOLOGIES CORP,69.25000,16
17830,19831031,UTX,UNITED TECHNOLOGIES CORP,64.75000,16
17830,19831130,UTX,UNITED TECHNOLOGIES CORP,72.75000,16
17830,19831230,UTX,UNITED TECHNOLOGIES CORP,72.50000,16
17830,19840131,UTX,UNITED TECHNOLOGIES CORP,69.25000,16
17830,19840229,UTX,UNITED TECHNOLOGIES CORP,60.25000,16
17830,19840330,UTX,UNITED TECHNOLOGIES CORP,62.37500,16
17830,19840430,UTX,UNITED TECHNOLOGIES CORP,64.62500,16
17830,19840531,UTX,UNITED TECHNOLOGIES CORP,62.50000,16
17830,19840629,UTX,UNITED TECHNOLOGIES CORP,32.50000,8
17830,19840731,UTX,UNITED TECHNOLOGIES CORP,34.75000,8
17830,19840831,UTX,UNITED TECHNOLOGIES CORP,38.62500,8
17830,19840928,UTX,UNITED TECHNOLOGIES CORP,37.25000,8
17830,19841031,UTX,UNITED TECHNOLOGIES CORP,39.75000,8
17830,19841130,UTX,UNITED TECHNOLOGIES CORP,35.87500,8
17830,19841231,UTX,UNITED TECHNOLOGIES CORP,36.25000,8
17830,19850131,UTX,UNITED TECHNOLOGIES CORP,42.87500,8
17830,19850228,UTX,UNITED TECHNOLOGIES CORP,41.87500,8
17830,19850329,UTX,UNITED TECHNOLOGIES CORP,40.87500,8
17830,19850430,UTX,UNITED TECHNOLOGIES CORP,38.12500,8
17830,19850531,UTX,UNITED TECHNOLOGIES CORP,43.75000,8
17830,19850628,UTX,UNITED TECHNOLOGIES CORP,41.50000,8
17830,19850731,UTX,UNITED TECHNOLOGIES CORP,41.50000,8
17830,19850830,UTX,UNITED TECHNOLOGIES CORP,40.12500,8
17830,19850930,UTX,UNITED TECHNOLOGIES CORP,37.25000,8
17830,19851031,UTX,UNITED TECHNOLOGIES CORP,40.37500,8
17830,19851129,UTX,UNITED TECHNOLOGIES CORP,42.00000,8
17830,19851231,UTX,UNITED TECHNOLOGIES CORP,43.75000,8
17830,19860131,UTX,UNITED TECHNOLOGIES CORP,46.87500,8
17830,19860228,UTX,UNITED TECHNOLOGIES CORP,53.25000,8
17830,19860331,UTX,UNITED TECHNOLOGIES CORP,53.62500,8
17830,19860430,UTX,UNITED TECHNOLOGIES CORP,50.50000,8
17830,19860530,UTX,UNITED TECHNOLOGIES CORP,50.50000,8
17830,19860630,UTX,UNITED TECHNOLOGIES CORP,49.50000,8
17830,19860731,UTX,UNITED TECHNOLOGIES CORP,41.12500,8
17830,19860829,UTX,UNITED TECHNOLOGIES CORP,45.87500,8
17830,19860930,UTX,UNITED TECHNOLOGIES CORP,42.25000,8
17830,19861031,UTX,UNITED TECHNOLOGIES CORP,42.87500,8
17830,19861128,UTX,UNITED TECHNOLOGIES CORP,44.62500,8
17830,19861231,UTX,UNITED TECHNOLOGIES CORP,46.00000,8
17830,19870130,UTX,UNITED TECHNOLOGIES CORP,49.37500,8
17830,19870227,UTX,UNITED TECHNOLOGIES CORP,54.62500,8
17830,19870331,UTX,UNITED TECHNOLOGIES CORP,50.87500,8
17830,19870430,UTX,UNITED TECHNOLOGIES CORP,46.25000,8
17830,19870529,UTX,UNITED TECHNOLOGIES CORP,45.50000,8
17830,19870630,UTX,UNITED TECHNOLOGIES CORP,52.25000,8
17830,19870731,UTX,UNITED TECHNOLOGIES CORP,57.75000,8
17830,19870831,UTX,UNITED TECHNOLOGIES CORP,57.62500,8
17830,19870930,UTX,UNITED TECHNOLOGIES CORP,58.00000,8
17830,19871030,UTX,UNITED TECHNOLOGIES CORP,35.25000,8
17830,19871130,UTX,UNITED TECHNOLOGIES CORP,31.62500,8
17830,19871231,UTX,UNITED TECHNOLOGIES CORP,33.87500,8
17830,19880129,UTX,UNITED TECHNOLOGIES CORP,38.37500,8
17830,19880229,UTX,UNITED TECHNOLOGIES CORP,40.75000,8
17830,19880331,UTX,UNITED TECHNOLOGIES CORP,39.00000,8
17830,19880429,UTX,UNITED TECHNOLOGIES CORP,38.87500,8
17830,19880531,UTX,UNITED TECHNOLOGIES CORP,37.50000,8
17830,19880630,UTX,UNITED TECHNOLOGIES CORP,38.50000,8
17830,19880729,UTX,UNITED TECHNOLOGIES CORP,37.50000,8
17830,19880831,UTX,UNITED TECHNOLOGIES CORP,36.75000,8
17830,19880930,UTX,UNITED TECHNOLOGIES CORP,39.87500,8
17830,19881031,UTX,UNITED TECHNOLOGIES CORP,41.62500,8
17830,19881130,UTX,UNITED TECHNOLOGIES CORP,40.12500,8
17830,19881230,UTX,UNITED TECHNOLOGIES CORP,41.12500,8
17830,19890131,UTX,UNITED TECHNOLOGIES CORP,44.12500,8
17830,19890228,UTX,UNITED TECHNOLOGIES CORP,43.75000,8
17830,19890331,UTX,UNITED TECHNOLOGIES CORP,45.50000,8
17830,19890428,UTX,UNITED TECHNOLOGIES CORP,52.00000,8
17830,19890531,UTX,UNITED TECHNOLOGIES CORP,51.37500,8
17830,19890630,UTX,UNITED TECHNOLOGIES CORP,50.25000,8
17830,19890731,UTX,UNITED TECHNOLOGIES CORP,54.87500,8
17830,19890831,UTX,UNITED TECHNOLOGIES CORP,55.75000,8
17830,19890929,UTX,UNITED TECHNOLOGIES CORP,55.62500,8
17830,19891031,UTX,UNITED TECHNOLOGIES CORP,53.37500,8
17830,19891130,UTX,UNITED TECHNOLOGIES CORP,51.75000,8
17830,19891229,UTX,UNITED TECHNOLOGIES CORP,54.25000,8
18163,19791231,PG,PROCTER & GAMBLE CO,74.25000,32.263817
18163,19800131,PG,PROCTER & GAMBLE CO,72.12500,32.263817
18163,19800229,PG,PROCTER & GAMBLE CO,71.25000,32.263817
18163,19800331,PG,PROCTER & GAMBLE CO,67.75000,32.263817
18163,19800430,PG,PROCTER & GAMBLE CO,71.50000,32.263817
18163,19800530,PG,PROCTER & GAMBLE CO,77.87500,32.263817
18163,19800630,PG,PROCTER & GAMBLE CO,73.75000,32.263817
18163,19800731,PG,PROCTER & GAMBLE CO,80.50000,32.263817
18163,19800829,PG,PROCTER & GAMBLE CO,78.50000,32.263817
18163,19800930,PG,PROCTER & GAMBLE CO,71.50000,32.263817
18163,19801031,PG,PROCTER & GAMBLE CO,67.62500,32.263817
18163,19801128,PG,PROCTER & GAMBLE CO,70.37500,32.263817
18163,19801231,PG,PROCTER & GAMBLE CO,68.87500,32.263817
18163,19810130,PG,PROCTER & GAMBLE CO,67.00000,32.263817
18163,19810227,PG,PROCTER & GAMBLE CO,71.37500,32.263817
18163,19810331,PG,PROCTER & GAMBLE CO,70.50000,32.263817
18163,19810430,PG,PROCTER & GAMBLE CO,71.75000,32.263817
18163,19810529,PG,PROCTER & GAMBLE CO,70.50000,32.263817
18163,19810630,PG,PROCTER & GAMBLE CO,75.75000,32.263817
18163,19810731,PG,PROCTER & GAMBLE CO,72.62500,32.263817
18163,19810831,PG,PROCTER & GAMBLE CO,69.37500,32.263817
18163,19810930,PG,PROCTER & GAMBLE CO,73.75000,32.263817
18163,19811030,PG,PROCTER & GAMBLE CO,78.25000,32.263817
18163,19811130,PG,PROCTER & GAMBLE CO,80.25000,32.263817
18163,19811231,PG,PROCTER & GAMBLE CO,80.37500,32.263817
18163,19820129,PG,PROCTER & GAMBLE CO,85.25000,32.263817
18163,19820226,PG,PROCTER & GAMBLE CO,83.25000,32.263817
18163,19820331,PG,PROCTER & GAMBLE CO,82.75000,32.263817
18163,19820430,PG,PROCTER & GAMBLE CO,85.62500,32.263817
18163,19820528,PG,PROCTER & GAMBLE CO,83.87500,32.263817
18163,19820630,PG,PROCTER & GAMBLE CO,83.00000,32.263817
18163,19820730,PG,PROCTER & GAMBLE CO,85.12500,32.263817
18163,19820831,PG,PROCTER & GAMBLE CO,95.12500,32.263817
18163,19820930,PG,PROCTER & GAMBLE CO,98.00000,32.263817
18163,19821029,PG,PROCTER & GAMBLE CO,106.12500,32.263817
18163,19821130,PG,PROCTER & GAMBLE CO,118.87500,32.263817
18163,19821231,PG,PROCTER & GAMBLE CO,118.25000,32.263817
18163,19830131,PG,PROCTER & GAMBLE CO,112.50000,32.263817
18163,19830228,PG,PROCTER & GAMBLE CO,57.12500,16.131908
18163,19830331,PG,PROCTER & GAMBLE CO,60.75000,16.131908
18163,19830429,PG,PROCTER & GAMBLE CO,60.12500,16.131908
18163,19830531,PG,PROCTER & GAMBLE CO,53.87500,16.131908
18163,19830630,PG,PROCTER & GAMBLE CO,55.12500,16.131908
18163,19830729,PG,PROCTER & GAMBLE CO,51.75000,16.131908
18163,19830831,PG,PROCTER & GAMBLE CO,53.50000,16.131908
18163,19830930,PG,PROCTER & GAMBLE CO,55.62500,16.131908
18163,19831031,PG,PROCTER & GAMBLE CO,55.50000,16.131908
18163,19831130,PG,PROCTER & GAMBLE CO,59.25000,16.131908
18163,19831230,PG,PROCTER & GAMBLE CO,56.87500,16.131908
18163,19840131,PG,PROCTER & GAMBLE CO,50.50000,16.131908
18163,19840229,PG,PROCTER & GAMBLE CO,47.12500,16.131908
18163,19840330,PG,PROCTER & GAMBLE CO,48.25000,16.131908
18163,19840430,PG,PROCTER & GAMBLE CO,47.37500,16.131908
18163,19840531,PG,PROCTER & GAMBLE CO,49.25000,16.131908
18163,19840629,PG,PROCTER & GAMBLE CO,52.37500,16.131908
18163,19840731,PG,PROCTER & GAMBLE CO,52.62500,16.131908
18163,19840831,PG,PROCTER & GAMBLE CO,56.00000,16.131908
18163,19840928,PG,PROCTER & GAMBLE CO,55.87500,16.131908
18163,19841031,PG,PROCTER & GAMBLE CO,58.00000,16.131908
18163,19841130,PG,PROCTER & GAMBLE CO,57.75000,16.131908
18163,19841231,PG,PROCTER & GAMBLE CO,57.00000,16.131908
18163,19850131,PG,PROCTER & GAMBLE CO,56.25000,16.131908
18163,19850228,PG,PROCTER & GAMBLE CO,56.87500,16.131908
18163,19850329,PG,PROCTER & GAMBLE CO,55.50000,16.131908
18163,19850430,PG,PROCTER & GAMBLE CO,52.12500,16.131908
18163,19850531,PG,PROCTER & GAMBLE CO,53.87500,16.131908
18163,19850628,PG,PROCTER & GAMBLE CO,56.25000,16.131908
18163,19850731,PG,PROCTER & GAMBLE CO,57.25000,16.131908
18163,19850830,PG,PROCTER & GAMBLE CO,57.50000,16.131908
18163,19850930,PG,PROCTER & GAMBLE CO,56.37500,16.131908
18163,19851031,PG,PROCTER & GAMBLE CO,63.37500,16.131908
18163,19851129,PG,PROCTER & GAMBLE CO,67.12500,16.131908
18163,19851231,PG,PROCTER & GAMBLE CO,69.75000,16.131908
18163,19860131,PG,PROCTER & GAMBLE CO,65.87500,16.131908
18163,19860228,PG,PROCTER & GAMBLE CO,69.00000,16.131908
18163,19860331,PG,PROCTER & GAMBLE CO,73.62500,16.131908
18163,19860430,PG,PROCTER & GAMBLE CO,73.50000,16.131908
18163,19860530,PG,PROCTER & GAMBLE CO,77.87500,16.131908
18163,19860630,PG,PROCTER & GAMBLE CO,80.12500,16.131908
18163,19860731,PG,PROCTER & GAMBLE CO,77.37500,16.131908
18163,19860829,PG,PROCTER & GAMBLE CO,80.00000,16.131908
18163,19860930,PG,PROCTER & GAMBLE CO,67.75000,16.131908
18163,19861031,PG,PROCTER & GAMBLE CO,75.00000,16.131908
18163,19861128,PG,PROCTER & GAMBLE CO,77.75000,16.131908
18163,19861231,PG,PROCTER & GAMBLE CO,76.37500,16.131908
18163,19870130,PG,PROCTER & GAMBLE CO,88.00000,16.131908
18163,19870227,PG,PROCTER & GAMBLE CO,86.75000,16.131908
18163,19870331,PG,PROCTER & GAMBLE CO,92.00000,16.131908
18163,19870430,PG,PROCTER & GAMBLE CO,84.75000,16.131908
18163,19870529,PG,PROCTER & GAMBLE CO,91.50000,16.131908
18163,19870630,PG,PROCTER & GAMBLE CO,98.00000,16.131908
18163,19870731,PG,PROCTER & GAMBLE CO,93.12500,16.131908
18163,19870831,PG,PROCTER & GAMBLE CO,102.87500,16.131908
18163,19870930,PG,PROCTER & GAMBLE CO,101.00000,16.131908
18163,19871030,PG,PROCTER & GAMBLE CO,88.25000,16.131908
18163,19871130,PG,PROCTER & GAMBLE CO,81.37500,16.131908
18163,19871231,PG,PROCTER & GAMBLE CO,85.37500,16.131908
18163,19880129,PG,PROCTER & GAMBLE CO,84.87500,16.131908
18163,19880229,PG,PROCTER & GAMBLE CO,84.25000,16.131908
18163,19880331,PG,PROCTER & GAMBLE CO,77.87500,16.131908
18163,19880429,PG,PROCTER & GAMBLE CO,77.12500,16.131908
18163,19880531,PG,PROCTER & GAMBLE CO,76.37500,16.131908
18163,19880630,PG,PROCTER & GAMBLE CO,77.50000,16.131908
18163,19880729,PG,PROCTER & GAMBLE CO,75.12500,16.131908
18163,19880831,PG,PROCTER & GAMBLE CO,74.62500,16.131908
18163,19880930,PG,PROCTER & GAMBLE CO,80.00000,16.131908
18163,19881031,PG,PROCTER & GAMBLE CO,82.62500,16.131908
18163,19881130,PG,PROCTER & GAMBLE CO,81.87500,16.131908
18163,19881230,PG,PROCTER & GAMBLE CO,87.00000,16.131908
18163,19890131,PG,PROCTER & GAMBLE CO,92.12500,16.131908
18163,19890228,PG,PROCTER & GAMBLE CO,88.62500,16.131908
18163,19890331,PG,PROCTER & GAMBLE CO,92.50000,16.131908
18163,19890428,PG,PROCTER & GAMBLE CO,95.62500,16.131908
18163,19890531,PG,PROCTER & GAMBLE CO,102.75000,16.131908
18163,19890630,PG,PROCTER & GAMBLE CO,108.37500,16.131908
18163,19890731,PG,PROCTER & GAMBLE CO,119.37500,16.131908
18163,19890831,PG,PROCTER & GAMBLE CO,128.50000,16.131908
18163,19890929,PG,PROCTER & GAMBLE CO,120.00000,16.131908
18163,19891031,PG,PROCTER & GAMBLE CO,129.12500,16.131908
18163,19891130,PG,PROCTER & GAMBLE CO,64.75000,8.065954
18163,19891229,PG,PROCTER & GAMBLE CO,70.25000,8.065954
19561,19791231,BA,BOEING CO,50.62500,10.125
19561,19800131,BA,BOEING CO,65.50000,10.125
19561,19800229,BA,BOEING CO,60.25000,10.125
19561,19800331,BA,BOEING CO,53.25000,10.125
19561,19800430,BA,BOEING CO,36.50000,6.75
19561,19800530,BA,BOEING CO,34.37500,6.75
19561,19800630,BA,BOEING CO,35.00000,6.75
19561,19800731,BA,BOEING CO,38.25000,6.75
19561,19800829,BA,BOEING CO,38.00000,6.75
19561,19800930,BA,BOEING CO,38.50000,6.75
19561,19801031,BA,BOEING CO,36.00000,6.75
19561,19801128,BA,BOEING CO,38.25000,6.75
19561,19801231,BA,BOEING CO,44.12500,6.75
19561,19810130,BA,BOEING CO,39.75000,6.75
19561,19810227,BA,BOEING CO,35.00000,6.75
19561,19810331,BA,BOEING CO,35.12500,6.75
19561,19810430,BA,BOEING CO,34.00000,6.75
19561,19810529,BA,BOEING CO,32.50000,6.75
19561,19810630,BA,BOEING CO,30.62500,6.75
19561,19810731,BA,BOEING CO,27.62500,6.75
19561,19810831,BA,BOEING CO,23.00000,6.75
19561,19810930,BA,BOEING CO,24.12500,6.75
19561,19811030,BA,BOEING CO,26.00000,6.75
19561,19811130,BA,BOEING CO,22.87500,6.75
19561,19811231,BA,BOEING CO,22.50000,6.75
19561,19820129,BA,BOEING CO,21.50000,6.75
19561,19820226,BA,BOEING CO,18.75000,6.75
19561,19820331,BA,BOEING CO,17.50000,6.75
19561,19820430,BA,BOEING CO,19.12500,6.75
19561,19820528,BA,BOEING CO,17.00000,6.75
19561,19820630,BA,BOEING CO,15.50000,6.75
19561,19820730,BA,BOEING CO,16.00000,6.75
19561,19820831,BA,BOEING CO,23.75000,6.75
19561,19820930,BA,BOEING CO,20.75000,6.75
19561,19821029,BA,BOEING CO,27.37500,6.75
19561,19821130,BA,BOEING CO,32.37500,6.75
19561,19821231,BA,BOEING CO,33.87500,6.75
19561,19830131,BA,BOEING CO,36.50000,6.75
19561,19830228,BA,BOEING CO,36.62500,6.75
19561,19830331,BA,BOEING CO,40.00000,6.75
19561,19830429,BA,BOEING CO,38.25000,6.75
19561,19830531,BA,BOEING CO,40.00000,6.75
19561,19830630,BA,BOEING CO,45.75000,6.75
19561,19830729,BA,BOEING CO,41.62500,6.75
19561,19830831,BA,BOEING CO,37.87500,6.75
19561,19830930,BA,BOEING CO,39.50000,6.75
19561,19831031,BA,BOEING CO,38.12500,6.75
19561,19831130,BA,BOEING CO,45.62500,6.75
19561,19831230,BA,BOEING CO,43.75000,6.75
19561,19840131,BA,BOEING CO,44.50000,6.75
19561,19840229,BA,BOEING CO,43.12500,6.75
19561,19840330,BA,BOEING CO,38.12500,6.75
19561,19840430,BA,BOEING CO,37.50000,6.75
19561,19840531,BA,BOEING CO,39.00000,6.75
19561,19840629,BA,BOEING CO,43.75000,6.75
19561,19840731,BA,BOEING CO,46.87500,6.75
19561,19840831,BA,BOEING CO,53.50000,6.75
19561,19840928,BA,BOEING CO,53.87500,6.75
19561,19841031,BA,BOEING CO,57.75000,6.75
19561,19841130,BA,BOEING CO,54.00000,6.75
19561,19841231,BA,BOEING CO,56.62500,6.75
19561,19850131,BA,BOEING CO,62.37500,6.75
19561,19850228,BA,BOEING CO,65.50000,6.75
19561,19850329,BA,BOEING CO,62.50000,6.75
19561,19850430,BA,BOEING CO,60.37500,6.75
19561,19850531,BA,BOEING CO,66.50000,6.75
19561,19850628,BA,BOEING CO,44.75000,4.5
19561,19850731,BA,BOEING CO,48.25000,4.5
19561,19850830,BA,BOEING CO,48.12500,4.5
19561,19850930,BA,BOEING CO,45.37500,4.5
19561,19851031,BA,BOEING CO,45.87500,4.5
19561,19851129,BA,BOEING CO,49.12500,4.5
19561,19851231,BA,BOEING CO,52.25000,4.5
19561,19860131,BA,BOEING CO,48.25000,4.5
19561,19860228,BA,BOEING CO,53.37500,4.5
19561,19860331,BA,BOEING CO,57.00000,4.5
19561,19860430,BA,BOEING CO,56.25000,4.5
19561,19860530,BA,BOEING CO,58.25000,4.5
19561,19860630,BA,BOEING CO,63.00000,4.5
19561,19860731,BA,BOEING CO,59.12500,4.5
19561,19860829,BA,BOEING CO,60.12500,4.5
19561,19860930,BA,BOEING CO,53.37500,4.5
19561,19861031,BA,BOEING CO,52.87500,4.5
19561,19861128,BA,BOEING CO,51.00000,4.5
19561,19861231,BA,BOEING CO,51.12500,4.5
19561,19870130,BA,BOEING CO,50.25000,4.5
19561,19870227,BA,BOEING CO,54.25000,4.5
19561,19870331,BA,BOEING CO,51.87500,4.5
19561,19870430,BA,BOEING CO,44.50000,4.5
19561,19870529,BA,BOEING CO,45.25000,4.5
19561,19870630,BA,BOEING CO,46.87500,4.5
19561,19870731,BA,BOEING CO,53.00000,4.5
19561,19870831,BA,BOEING CO,52.75000,4.5
19561,19870930,BA,BOEING CO,50.87500,4.5
19561,19871030,BA,BOEING CO,38.62500,4.5
19561,19871130,BA,BOEING CO,34.37500,4.5
19561,19871231,BA,BOEING CO,37.00000,4.5
19561,19880129,BA,BOEING CO,45.75000,4.5
19561,19880229,BA,BOEING CO,47.50000,4.5
19561,19880331,BA,BOEING CO,46.50000,4.5
19561,19880429,BA,BOEING CO,48.00000,4.5
19561,19880531,BA,BOEING CO,55.00000,4.5
19561,19880630,BA,BOEING CO,58.75000,4.5
19561,19880729,BA,BOEING CO,60.50000,4.5
19561,19880831,BA,BOEING CO,59.00000,4.5
19561,19880930,BA,BOEING CO,64.12500,4.5
19561,19881031,BA,BOEING CO,64.87500,4.5
19561,19881130,BA,BOEING CO,62.00000,4.5
19561,19881230,BA,BOEING CO,60.62500,4.5
19561,19890131,BA,BOEING CO,63.37500,4.5
19561,19890228,BA,BOEING CO,61.87500,4.5
19561,19890331,BA,BOEING CO,68.25000,4.5
19561,19890428,BA,BOEING CO,75.87500,4.5
19561,19890531,BA,BOEING CO,80.37500,4.5
19561,19890630,BA,BOEING CO,48.00000,3
19561,19890731,BA,BOEING CO,52.37500,3
19561,19890831,BA,BOEING CO,54.75000,3
19561,19890929,BA,BOEING CO,57.00000,3
19561,19891031,BA,BOEING CO,56.25000,3
19561,19891130,BA,BOEING CO,60.00000,3
19561,19891229,BA,BOEING CO,59.37500,3
22592,19791231,MMM,MINNESOTA MINING & MFG CO,50.25000,8.299608
22592,19800131,MMM,MINNESOTA MINING & MFG CO,49.50000,8.299608
22592,19800229,MMM,MINNESOTA MINING & MFG CO,50.00000,8.299608
22592,19800331,MMM,MINNESOTA MINING & MFG CO,49.75000,8.299608
22592,19800430,MMM,MINNESOTA MINING & MFG CO,52.75000,8.299608
22592,19800530,MMM,MINNESOTA MINING & MFG CO,54.25000,8.299608
22592,19800630,MMM,MINNESOTA MINING & MFG CO,53.12500,8.299608
22592,19800731,MMM,MINNESOTA MINING & MFG CO,58.75000,8.299608
22592,19800829,MMM,MINNESOTA MINING & MFG CO,57.87500,8.299608
22592,19800930,MMM,MINNESOTA MINING & MFG CO,59.62500,8.299608
22592,19801031,MMM,MINNESOTA MINING & MFG CO,55.87500,8.299608
22592,19801128,MMM,MINNESOTA MINING & MFG CO,60.62500,8.299608
22592,19801231,MMM,MINNESOTA MINING & MFG CO,59.00000,8.299608
22592,19810130,MMM,MINNESOTA MINING & MFG CO,58.12500,8.299608
22592,19810227,MMM,MINNESOTA MINING & MFG CO,62.75000,8.299608
22592,19810331,MMM,MINNESOTA MINING & MFG CO,63.12500,8.299608
22592,19810430,MMM,MINNESOTA MINING & MFG CO,60.50000,8.299608
22592,19810529,MMM,MINNESOTA MINING & MFG CO,56.25000,8.299608
22592,19810630,MMM,MINNESOTA MINING & MFG CO,57.50000,8.299608
22592,19810731,MMM,MINNESOTA MINING & MFG CO,54.25000,8.299608
22592,19810831,MMM,MINNESOTA MINING & MFG CO,51.37500,8.299608
22592,19810930,MMM,MINNESOTA MINING & MFG CO,50.00000,8.299608
22592,19811030,MMM,MINNESOTA MINING & MFG CO,49.62500,8.299608
22592,19811130,MMM,MINNESOTA MINING & MFG CO,54.25000,8.299608
22592,19811231,MMM,MINNESOTA MINING & MFG CO,54.50000,8.299608
22592,19820129,MMM,MINNESOTA MINING & MFG CO,56.12500,8.299608
22592,19820226,MMM,MINNESOTA MINING & MFG CO,54.87500,8.299608
22592,19820331,MMM,MINNESOTA MINING & MFG CO,54.50000,8.299608
22592,19820430,MMM,MINNESOTA MINING & MFG CO,54.87500,8.299608
22592,19820528,MMM,MINNESOTA MINING & MFG CO,51.37500,8.299608
22592,19820630,MMM,MINNESOTA MINING & MFG CO,53.25000,8.299608
22592,19820730,MMM,MINNESOTA MINING & MFG CO,53.12500,8.299608
22592,19820831,MMM,MINNESOTA MINING & MFG CO,61.50000,8.299608
22592,19820930,MMM,MINNESOTA MINING & MFG CO,63.62500,8.299608
22592,19821029,MMM,MINNESOTA MINING & MFG CO,72.75000,8.299608
22592,19821130,MMM,MINNESOTA MINING & MFG CO,74.12500,8.299608
22592,19821231,MMM,MINNESOTA MINING & MFG CO,75.00000,8.299608
22592,19830131,MMM,MINNESOTA MINING & MFG CO,75.25000,8.299608
22592,19830228,MMM,MINNESOTA MINING & MFG CO,78.12500,8.299608
22592,19830331,MMM,MINNESOTA MINING & MFG CO,78.12500,8.299608
22592,19830429,MMM,MINNESOTA MINING & MFG CO,85.00000,8.299608
22592,19830531,MMM,MINNESOTA MINING & MFG CO,86.75000,8.299608
22592,19830630,MMM,MINNESOTA MINING & MFG CO,83.75000,8.299608
22592,19830729,MMM,MINNESOTA MINING & MFG CO,79.50000,8.299608
22592,19830831,MMM,MINNESOTA MINING & MFG CO,78.37500,8.299608
22592,19830930,MMM,MINNESOTA MINING & MFG CO,83.12500,8.299608
22592,19831031,MMM,MINNESOTA MINING & MFG CO,85.00000,8.299608
22592,19831130,MMM,MINNESOTA MINING & MFG CO,85.62500,8.299608
22592,19831230,MMM,MINNESOTA MINING & MFG CO,82.50000,8.299608
22592,19840131,MMM,MINNESOTA MINING & MFG CO,77.50000,8.299608
22592,19840229,MMM,MINNESOTA MINING & MFG CO,75.37500,8.299608
22592,19840330,MMM,MINNESOTA MINING & MFG CO,72.75000,8.299608
22592,19840430,MMM,MINNESOTA MINING & MFG CO,75.62500,8.299608
22592,19840531,MMM,MINNESOTA MINING & MFG CO,74.87500,8.299608
22592,19840629,MMM,MINNESOTA MINING & MFG CO,77.12500,8.299608
22592,19840731,MMM,MINNESOTA MINING & MFG CO,75.75000,8.299608
22592,19840831,MMM,MINNESOTA MINING & MFG CO,82.50000,8.299608
22592,19840928,MMM,MINNESOTA MINING & MFG CO,75.62500,8.299608
22592,19841031,MMM,MINNESOTA MINING & MFG CO,81.37500,8.299608
22592,19841130,MMM,MINNESOTA MINING & MFG CO,78.25000,8.299608
22592,19841231,MMM,MINNESOTA MINING & MFG CO,78.62500,8.299608
22592,19850131,MMM,MINNESOTA MINING & MFG CO,84.37500,8.299608
22592,19850228,MMM,MINNESOTA MINING & MFG CO,82.00000,8.299608
22592,19850329,MMM,MINNESOTA MINING & MFG CO,82.25000,8.299608
22592,19850430,MMM,MINNESOTA MINING & MFG CO,77.00000,8.299608
22592,19850531,MMM,MINNESOTA MINING & MFG CO,75.00000,8.299608
22592,19850628,MMM,MINNESOTA MINING & MFG CO,78.00000,8.299608
22592,19850731,MMM,MINNESOTA MINING & MFG CO,80.00000,8.299608
22592,19850830,MMM,MINNESOTA MINING & MFG CO,76.50000,8.299608
22592,19850930,MMM,MINNESOTA MINING & MFG CO,76.00000,8.299608
22592,19851031,MMM,MINNESOTA MINING & MFG CO,77.75000,8.299608
22592,19851129,MMM,MINNESOTA MINING & MFG CO,84.37500,8.299608
22592,19851231,MMM,MINNESOTA MINING & MFG CO,89.75000,8.299608
22592,19860131,MMM,MINNESOTA MINING & MFG CO,90.87500,8.299608
22592,19860228,MMM,MINNESOTA MINING & MFG CO,98.75000,8.299608
22592,19860331,MMM,MINNESOTA MINING & MFG CO,105.25000,8.299608
22592,19860430,MMM,MINNESOTA MINING & MFG CO,104.75000,8.299608
22592,19860530,MMM,MINNESOTA MINING & MFG CO,106.62500,8.299608
22592,19860630,MMM,MINNESOTA MINING & MFG CO,113.75000,8.299608
22592,19860731,MMM,MINNESOTA MINING & MFG CO,111.00000,8.299608
22592,19860829,MMM,MINNESOTA MINING & MFG CO,112.37500,8.299608
22592,19860930,MMM,MINNESOTA MINING & MFG CO,100.62500,8.299608
22592,19861031,MMM,MINNESOTA MINING & MFG CO,109.25000,8.299608
22592,19861128,MMM,MINNESOTA MINING & MFG CO,112.00000,8.299608
22592,19861231,MMM,MINNESOTA MINING & MFG CO,116.62500,8.299608
22592,19870130,MMM,MINNESOTA MINING & MFG CO,129.37500,8.299608
22592,19870227,MMM,MINNESOTA MINING & MFG CO,127.50000,8.299608
22592,19870331,MMM,MINNESOTA MINING & MFG CO,129.37500,8.299608
22592,19870430,MMM,MINNESOTA MINING & MFG CO,127.75000,8.299608
22592,19870529,MMM,MINNESOTA MINING & MFG CO,127.87500,8.299608
22592,19870630,MMM,MINNESOTA MINING & MFG CO,70.87500,4.149804
22592,19870731,MMM,MINNESOTA MINING & MFG CO,73.75000,4.149804
22592,19870831,MMM,MINNESOTA MINING & MFG CO,79.87500,4.149804
22592,19870930,MMM,MINNESOTA MINING & MFG CO,81.75000,4.149804
22592,19871030,MMM,MINNESOTA MINING & MFG CO,59.00000,4.149804
22592,19871130,MMM,MINNESOTA MINING & MFG CO,58.25000,4.149804
22592,19871231,MMM,MINNESOTA MINING & MFG CO,64.37500,4.149804
22592,19880129,MMM,MINNESOTA MINING & MFG CO,60.50000,4.149804
22592,19880229,MMM,MINNESOTA MINING & MFG CO,59.00000,4.149804
22592,19880331,MMM,MINNESOTA MINING & MFG CO,57.50000,4.149804
22592,19880429,MMM,MINNESOTA MINING & MFG CO,59.12500,4.149804
22592,19880531,MMM,MINNESOTA MINING & MFG CO,61.75000,4.149804
22592,19880630,MMM,MINNESOTA MINING & MFG CO,66.00000,4.149804
22592,19880729,MMM,MINNESOTA MINING & MFG CO,63.87500,4.149804
22592,19880831,MMM,MINNESOTA MINING & MFG CO,60.37500,4.149804
22592,19880930,MMM,MINNESOTA MINING & MFG CO,64.37500,4.149804
22592,19881031,MMM,MINNESOTA MINING & MFG CO,60.75000,4.149804
22592,19881130,MMM,MINNESOTA MINING & MFG CO,60.37500,4.149804
22592,19881230,MMM,MINNESOTA MINING & MFG CO,62.00000,4.149804
22592,19890131,MMM,MINNESOTA MINING & MFG CO,68.50000,4.149804
22592,19890228,MMM,MINNESOTA MINING & MFG CO,65.12500,4.149804
22592,19890331,MMM,MINNESOTA MINING & MFG CO,67.00000,4.149804
22592,19890428,MMM,MINNESOTA MINING & MFG CO,71.50000,4.149804
22592,19890531,MMM,MINNESOTA MINING & MFG CO,72.75000,4.149804
22592,19890630,MMM,MINNESOTA MINING & MFG CO,71.00000,4.149804
22592,19890731,MMM,MINNESOTA MINING & MFG CO,76.00000,4.149804
22592,19890831,MMM,MINNESOTA MINING & MFG CO,79.00000,4.149804
22592,19890929,MMM,MINNESOTA MINING & MFG CO,75.12500,4.149804
22592,19891031,MMM,MINNESOTA MINING & MFG CO,71.62500,4.149804
22592,19891130,MMM,MINNESOTA MINING & MFG CO,77.00000,4.149804
22592,19891229,MMM,MINNESOTA MINING & MFG CO,79.62500,4.149804
24643,19791231,AA,ALUMINUM COMPANY AMER,54.87500,7.111109
24643,19800131,AA,ALUMINUM COMPANY AMER,63.50000,7.111109
24643,19800229,AA,ALUMINUM COMPANY AMER,66.75000,7.111109
24643,19800331,AA,ALUMINUM COMPANY AMER,58.25000,7.111109
24643,19800430,AA,ALUMINUM COMPANY AMER,55.00000,7.111109
24643,19800530,AA,ALUMINUM COMPANY AMER,59.62500,7.111109
24643,19800630,AA,ALUMINUM COMPANY AMER,58.75000,7.111109
24643,19800731,AA,ALUMINUM COMPANY AMER,69.00000,7.111109
24643,19800829,AA,ALUMINUM COMPANY AMER,67.75000,7.111109
24643,19800930,AA,ALUMINUM COMPANY AMER,72.50000,7.111109
24643,19801031,AA,ALUMINUM COMPANY AMER,66.87500,7.111109
24643,19801128,AA,ALUMINUM COMPANY AMER,64.75000,7.111109
24643,19801231,AA,ALUMINUM COMPANY AMER,59.62500,7.111109
24643,19810130,AA,ALUMINUM COMPANY AMER,61.37500,7.111109
24643,19810227,AA,ALUMINUM COMPANY AMER,33.50000,3.555554
24643,19810331,AA,ALUMINUM COMPANY AMER,35.00000,3.555554
24643,19810430,AA,ALUMINUM COMPANY AMER,33.75000,3.555554
24643,19810529,AA,ALUMINUM COMPANY AMER,32.75000,3.555554
24643,19810630,AA,ALUMINUM COMPANY AMER,29.75000,3.555554
24643,19810731,AA,ALUMINUM COMPANY AMER,28.25000,3.555554
24643,19810831,AA,ALUMINUM COMPANY AMER,27.00000,3.555554
24643,19810930,AA,ALUMINUM COMPANY AMER,26.25000,3.555554
24643,19811030,AA,ALUMINUM COMPANY AMER,24.12500,3.555554
24643,19811130,AA,ALUMINUM COMPANY AMER,26.37500,3.555554
24643,19811231,AA,ALUMINUM COMPANY AMER,25.62500,3.555554
24643,19820129,AA,ALUMINUM COMPANY AMER,23.00000,3.555554
24643,19820226,AA,ALUMINUM COMPANY AMER,23.50000,3.555554
24643,19820331,AA,ALUMINUM COMPANY AMER,24.62500,3.555554
24643,19820430,AA,ALUMINUM COMPANY AMER,25.00000,3.555554
24643,19820528,AA,ALUMINUM COMPANY AMER,23.75000,3.555554
24643,19820630,AA,ALUMINUM COMPANY AMER,22.75000,3.555554
24643,19820730,AA,ALUMINUM COMPANY AMER,23.50000,3.555554
24643,19820831,AA,ALUMINUM COMPANY AMER,28.87500,3.555554
24643,19820930,AA,ALUMINUM COMPANY AMER,26.00000,3.555554
24643,19821029,AA,ALUMINUM COMPANY AMER,27.75000,3.555554
24643,19821130,AA,ALUMINUM COMPANY AMER,26.37500,3.555554
24643,19821231,AA,ALUMINUM COMPANY AMER,31.00000,3.555554
24643,19830131,AA,ALUMINUM COMPANY AMER,32.87500,3.555554
24643,19830228,AA,ALUMINUM COMPANY AMER,33.25000,3.555554
24643,19830331,AA,ALUMINUM COMPANY AMER,32.12500,3.555554
24643,19830429,AA,ALUMINUM COMPANY AMER,32.00000,3.555554
24643,19830531,AA,ALUMINUM COMPANY AMER,37.87500,3.555554
24643,19830630,AA,ALUMINUM COMPANY AMER,37.00000,3.555554
24643,19830729,AA,ALUMINUM COMPANY AMER,39.00000,3.555554
24643,19830831,AA,ALUMINUM COMPANY AMER,47.25000,3.555554
24643,19830930,AA,ALUMINUM COMPANY AMER,44.75000,3.555554
24643,19831031,AA,ALUMINUM COMPANY AMER,41.25000,3.555554
24643,19831130,AA,ALUMINUM COMPANY AMER,45.12500,3.555554
24643,19831230,AA,ALUMINUM COMPANY AMER,44.87500,3.555554
24643,19840131,AA,ALUMINUM COMPANY AMER,41.75000,3.555554
24643,19840229,AA,ALUMINUM COMPANY AMER,37.50000,3.555554
24643,19840330,AA,ALUMINUM COMPANY AMER,40.50000,3.555554
24643,19840430,AA,ALUMINUM COMPANY AMER,35.12500,3.555554
24643,19840531,AA,ALUMINUM COMPANY AMER,33.87500,3.555554
24643,19840629,AA,ALUMINUM COMPANY AMER,34.00000,3.555554
24643,19840731,AA,ALUMINUM COMPANY AMER,31.37500,3.555554
24643,19840831,AA,ALUMINUM COMPANY AMER,35.75000,3.555554
24643,19840928,AA,ALUMINUM COMPANY AMER,33.00000,3.555554
24643,19841031,AA,ALUMINUM COMPANY AMER,36.25000,3.555554
24643,19841130,AA,ALUMINUM COMPANY AMER,35.50000,3.555554
24643,19841231,AA,ALUMINUM COMPANY AMER,37.00000,3.555554
24643,19850131,AA,ALUMINUM COMPANY AMER,38.25000,3.555554
24643,19850228,AA,ALUMINUM COMPANY AMER,37.00000,3.555554
24643,19850329,AA,ALUMINUM COMPANY AMER,34.25000,3.555554
24643,19850430,AA,ALUMINUM COMPANY AMER,30.62500,3.555554
24643,19850531,AA,ALUMINUM COMPANY AMER,32.25000,3.555554
24643,19850628,AA,ALUMINUM COMPANY AMER,34.25000,3.555554
24643,19850731,AA,ALUMINUM COMPANY AMER,36.00000,3.555554
24643,19850830,AA,ALUMINUM COMPANY AMER,35.62500,3.555554
24643,19850930,AA,ALUMINUM COMPANY AMER,33.00000,3.555554
24643,19851031,AA,ALUMINUM COMPANY AMER,31.87500,3.555554
24643,19851129,AA,ALUMINUM COMPANY AMER,35.87500,3.555554
24643,19851231,AA,ALUMINUM COMPANY AMER,38.50000,3.555554
24643,19860131,AA,ALUMINUM COMPANY AMER,42.00000,3.555554
24643,19860228,AA,ALUMINUM COMPANY AMER,44.50000,3.555554
24643,19860331,AA,ALUMINUM COMPANY AMER,42.37500,3.555554
24643,19860430,AA,ALUMINUM COMPANY AMER,40.37500,3.555554
24643,19860530,AA,ALUMINUM COMPANY AMER,41.00000,3.555554
24643,19860630,AA,ALUMINUM COMPANY AMER,38.12500,3.555554
24643,19860731,AA,ALUMINUM COMPANY AMER,33.75000,3.555554
24643,19860829,AA,ALUMINUM COMPANY AMER,37.00000,3.555554
24643,19860930,AA,ALUMINUM COMPANY AMER,37.00000,3.555554
24643,19861031,AA,ALUMINUM COMPANY AMER,36.37500,3.555554
24643,19861128,AA,ALUMINUM COMPANY AMER,34.62500,3.555554
24643,19861231,AA,ALUMINUM COMPANY AMER,33.87500,3.555554
24643,19870130,AA,ALUMINUM COMPANY AMER,39.75000,3.555554
24643,19870227,AA,ALUMINUM COMPANY AMER,41.00000,3.555554
24643,19870331,AA,ALUMINUM COMPANY AMER,42.62500,3.555554
24643,19870430,AA,ALUMINUM COMPANY AMER,47.62500,3.555554
24643,19870529,AA,ALUMINUM COMPANY AMER,47.75000,3.555554
24643,19870630,AA,ALUMINUM COMPANY AMER,53.37500,3.555554
24643,19870731,AA,ALUMINUM COMPANY AMER,63.62500,3.555554
24643,19870831,AA,ALUMINUM COMPANY AMER,54.50000,3.555554
24643,19870930,AA,ALUMINUM COMPANY AMER,61.62500,3.555554
24643,19871030,AA,ALUMINUM COMPANY AMER,43.00000,3.555554
24643,19871130,AA,ALUMINUM COMPANY AMER,44.00000,3.555554
24643,19871231,AA,ALUMINUM COMPANY AMER,46.75000,3.555554
24643,19880129,AA,ALUMINUM COMPANY AMER,41.00000,3.555554
24643,19880229,AA,ALUMINUM COMPANY AMER,46.75000,3.555554
24643,19880331,AA,ALUMINUM COMPANY AMER,43.50000,3.555554
24643,19880429,AA,ALUMINUM COMPANY AMER,43.87500,3.555554
24643,19880531,AA,ALUMINUM COMPANY AMER,46.00000,3.555554
24643,19880630,AA,ALUMINUM COMPANY AMER,53.25000,3.555554
24643,19880729,AA,ALUMINUM COMPANY AMER,52.87500,3.555554
24643,19880831,AA,ALUMINUM COMPANY AMER,50.75000,3.555554
24643,19880930,AA,ALUMINUM COMPANY AMER,52.75000,3.555554
24643,19881031,AA,ALUMINUM COMPANY AMER,55.62500,3.555554
24643,19881130,AA,ALUMINUM COMPANY AMER,53.00000,3.555554
24643,19881230,AA,ALUMINUM COMPANY AMER,56.00000,3.555554
24643,19890131,AA,ALUMINUM COMPANY AMER,64.62500,3.555554
24643,19890228,AA,ALUMINUM COMPANY AMER,61.50000,3.555554
24643,19890331,AA,ALUMINUM COMPANY AMER,59.87500,3.555554
24643,19890428,AA,ALUMINUM COMPANY AMER,63.25000,3.555554
24643,19890531,AA,ALUMINUM COMPANY AMER,64.75000,3.555554
24643,19890630,AA,ALUMINUM COMPANY AMER,64.12500,3.555554
24643,19890731,AA,ALUMINUM COMPANY AMER,69.00000,3.555554
24643,19890831,AA,ALUMINUM COMPANY AMER,77.00000,3.555554
24643,19890929,AA,ALUMINUM COMPANY AMER,76.75000,3.555554
24643,19891031,AA,ALUMINUM COMPANY AMER,70.00000,3.555554
24643,19891130,AA,ALUMINUM COMPANY AMER,72.50000,3.555554
24643,19891229,AA,ALUMINUM COMPANY AMER,75.00000,3.555554
59176,19791231,AXP,AMERICAN EXPRESS CO,29.87500,15.459392
59176,19800131,AXP,AMERICAN EXPRESS CO,29.37500,15.459392
59176,19800229,AXP,AMERICAN EXPRESS CO,28.00000,15.459392
59176,19800331,AXP,AMERICAN EXPRESS CO,29.50000,15.459392
59176,19800430,AXP,AMERICAN EXPRESS CO,33.75000,15.459392
59176,19800530,AXP,AMERICAN EXPRESS CO,34.00000,15.459392
59176,19800630,AXP,AMERICAN EXPRESS CO,34.87500,15.459392
59176,19800731,AXP,AMERICAN EXPRESS CO,37.37500,15.459392
59176,19800829,AXP,AMERICAN EXPRESS CO,35.00000,15.459392
59176,19800930,AXP,AMERICAN EXPRESS CO,36.12500,15.459392
59176,19801031,AXP,AMERICAN EXPRESS CO,33.37500,15.459392
59176,19801128,AXP,AMERICAN EXPRESS CO,34.62500,15.459392
59176,19801231,AXP,AMERICAN EXPRESS CO,40.25000,15.459392
59176,19810130,AXP,AMERICAN EXPRESS CO,43.50000,15.459392
59176,19810227,AXP,AMERICAN EXPRESS CO,44.25000,15.459392
59176,19810331,AXP,AMERICAN EXPRESS CO,45.62500,15.459392
59176,19810430,AXP,AMERICAN EXPRESS CO,43.87500,15.459392
59176,19810529,AXP,AMERICAN EXPRESS CO,49.00000,15.459392
59176,19810630,AXP,AMERICAN EXPRESS CO,48.37500,15.459392
59176,19810731,AXP,AMERICAN EXPRESS CO,46.37500,15.459392
59176,19810831,AXP,AMERICAN EXPRESS CO,42.00000,15.459392
59176,19810930,AXP,AMERICAN EXPRESS CO,41.25000,15.459392
59176,19811030,AXP,AMERICAN EXPRESS CO,45.25000,15.459392
59176,19811130,AXP,AMERICAN EXPRESS CO,46.87500,15.459392
59176,19811231,AXP,AMERICAN EXPRESS CO,44.12500,15.459392
59176,19820129,AXP,AMERICAN EXPRESS CO,44.50000,15.459392
59176,19820226,AXP,AMERICAN EXPRESS CO,45.75000,15.41863
59176,19820331,AXP,AMERICAN EXPRESS CO,47.00000,15.41863
59176,19820430,AXP,AMERICAN EXPRESS CO,48.50000,15.41863
59176,19820528,AXP,AMERICAN EXPRESS CO,42.50000,15.41863
59176,19820630,AXP,AMERICAN EXPRESS CO,40.25000,15.41863
59176,19820730,AXP,AMERICAN EXPRESS CO,37.62500,15.41863
59176,19820831,AXP,AMERICAN EXPRESS CO,46.25000,15.41863
59176,19820930,AXP,AMERICAN EXPRESS CO,48.37500,15.41863
59176,19821029,AXP,AMERICAN EXPRESS CO,58.50000,15.41863
59176,19821130,AXP,AMERICAN EXPRESS CO,68.62500,15.41863
59176,19821231,AXP,AMERICAN EXPRESS CO,64.25000,15.41863
59176,19830131,AXP,AMERICAN EXPRESS CO,65.25000,15.41863
59176,19830228,AXP,AMERICAN EXPRESS CO,58.62500,11.563975
59176,19830331,AXP,AMERICAN EXPRESS CO,62.00000,11.563975
59176,19830429,AXP,AMERICAN EXPRESS CO,67.12500,11.563975
59176,19830531,AXP,AMERICAN EXPRESS CO,69.87500,11.563975
59176,19830630,AXP,AMERICAN EXPRESS CO,71.50000,11.563975
59176,19830729,AXP,AMERICAN EXPRESS CO,63.50000,11.563975
59176,19830831,AXP,AMERICAN EXPRESS CO,42.50000,7.709317
59176,19830930,AXP,AMERICAN EXPRESS CO,36.87500,7.709317
59176,19831031,AXP,AMERICAN EXPRESS CO,33.12500,7.709317
59176,19831130,AXP,AMERICAN EXPRESS CO,34.37500,7.709317
59176,19831230,AXP,AMERICAN EXPRESS CO,32.62500,7.709317
59176,19840131,AXP,AMERICAN EXPRESS CO,30.00000,7.709317
59176,19840229,AXP,AMERICAN EXPRESS CO,28.75000,7.709317
59176,19840330,AXP,AMERICAN EXPRESS CO,31.62500,7.709317
59176,19840430,AXP,AMERICAN EXPRESS CO,29.75000,7.709317
59176,19840531,AXP,AMERICAN EXPRESS CO,26.00000,7.709317
59176,19840629,AXP,AMERICAN EXPRESS CO,28.75000,7.709317
59176,19840731,AXP,AMERICAN EXPRESS CO,27.75000,7.709317
59176,19840831,AXP,AMERICAN EXPRESS CO,32.75000,7.709317
59176,19840928,AXP,AMERICAN EXPRESS CO,34.50000,7.709317
59176,19841031,AXP,AMERICAN EXPRESS CO,37.00000,7.709317
59176,19841130,AXP,AMERICAN EXPRESS CO,35.37500,7.709317
59176,19841231,AXP,AMERICAN EXPRESS CO,37.62500,7.709317
59176,19850131,AXP,AMERICAN EXPRESS CO,42.87500,7.709317
59176,19850228,AXP,AMERICAN EXPRESS CO,42.75000,7.709317
59176,19850329,AXP,AMERICAN EXPRESS CO,41.37500,7.709317
59176,19850430,AXP,AMERICAN EXPRESS CO,43.12500,7.709317
59176,19850531,AXP,AMERICAN EXPRESS CO,46.00000,7.709317
59176,19850628,AXP,AMERICAN EXPRESS CO,47.50000,7.709317
59176,19850731,AXP,AMERICAN EXPRESS CO,44.25000,7.709317
59176,19850830,AXP,AMERICAN EXPRESS CO,41.25000,7.709317
59176,19850930,AXP,AMERICAN EXPRESS CO,41.50000,7.709317
59176,19851031,AXP,AMERICAN EXPRESS CO,45.50000,7.709317
59176,19851129,AXP,AMERICAN EXPRESS CO,48.87500,7.709317
59176,19851231,AXP,AMERICAN EXPRESS CO,53.00000,7.709317
59176,19860131,AXP,AMERICAN EXPRESS CO,56.25000,7.709317
59176,19860228,AXP,AMERICAN EXPRESS CO,65.75000,7.709317
59176,19860331,AXP,AMERICAN EXPRESS CO,68.75000,7.709317
59176,19860430,AXP,AMERICAN EXPRESS CO,60.12500,7.709317
59176,19860530,AXP,AMERICAN EXPRESS CO,62.50000,7.709317
59176,19860630,AXP,AMERICAN EXPRESS CO,62.50000,7.709317
59176,19860731,AXP,AMERICAN EXPRESS CO,60.00000,7.709317
59176,19860829,AXP,AMERICAN EXPRESS CO,65.87500,7.709317
59176,19860930,AXP,AMERICAN EXPRESS CO,56.25000,7.709317
59176,19861031,AXP,AMERICAN EXPRESS CO,58.62500,7.709317
59176,19861128,AXP,AMERICAN EXPRESS CO,57.50000,7.709317
59176,19861231,AXP,AMERICAN EXPRESS CO,56.62500,7.709317
59176,19870130,AXP,AMERICAN EXPRESS CO,68.00000,7.709317
59176,19870227,AXP,AMERICAN EXPRESS CO,74.00000,7.709317
59176,19870331,AXP,AMERICAN EXPRESS CO,74.37500,7.709317
59176,19870430,AXP,AMERICAN EXPRESS CO,68.12500,7.709317
59176,19870529,AXP,AMERICAN EXPRESS CO,33.75000,3.854659
59176,19870630,AXP,AMERICAN EXPRESS CO,34.25000,3.854659
59176,19870731,AXP,AMERICAN EXPRESS CO,36.87500,3.854659
59176,19870831,AXP,AMERICAN EXPRESS CO,37.12500,3.854659
59176,19870930,AXP,AMERICAN EXPRESS CO,35.87500,3.854659
59176,19871030,AXP,AMERICAN EXPRESS CO,24.12500,3.854659
59176,19871130,AXP,AMERICAN EXPRESS CO,22.37500,3.854659
59176,19871231,AXP,AMERICAN EXPRESS CO,22.87500,3.854659
59176,19880129,AXP,AMERICAN EXPRESS CO,26.25000,3.854659
59176,19880229,AXP,AMERICAN EXPRESS CO,26.00000,3.854659
59176,19880331,AXP,AMERICAN EXPRESS CO,24.37500,3.854659
59176,19880429,AXP,AMERICAN EXPRESS CO,24.00000,3.854659
59176,19880531,AXP,AMERICAN EXPRESS CO,25.25000,3.854659
59176,19880630,AXP,AMERICAN EXPRESS CO,27.50000,3.854659
59176,19880729,AXP,AMERICAN EXPRESS CO,28.12500,3.854659
59176,19880831,AXP,AMERICAN EXPRESS CO,28.62500,3.854659
59176,19880930,AXP,AMERICAN EXPRESS CO,28.00000,3.854659
59176,19881031,AXP,AMERICAN EXPRESS CO,27.12500,3.854659
59176,19881130,AXP,AMERICAN EXPRESS CO,27.00000,3.854659
59176,19881230,AXP,AMERICAN EXPRESS CO,26.62500,3.854659
59176,19890131,AXP,AMERICAN EXPRESS CO,30.75000,3.854659
59176,19890228,AXP,AMERICAN EXPRESS CO,29.50000,3.854659
59176,19890331,AXP,AMERICAN EXPRESS CO,31.62500,3.854659
59176,19890428,AXP,AMERICAN EXPRESS CO,32.50000,3.854659
59176,19890531,AXP,AMERICAN EXPRESS CO,32.37500,3.854659
59176,19890630,AXP,AMERICAN EXPRESS CO,33.25000,3.854659
59176,19890731,AXP,AMERICAN EXPRESS CO,37.25000,3.854659
59176,19890831,AXP,AMERICAN EXPRESS CO,37.12500,3.854659
59176,19890929,AXP,AMERICAN EXPRESS CO,36.12500,3.854659
59176,19891031,AXP,AMERICAN EXPRESS CO,36.37500,3.854659
59176,19891130,AXP,AMERICAN EXPRESS CO,35.50000,3.854659
59176,19891229,AXP,AMERICAN EXPRESS CO,34.87500,3.854659
